<launch>
  <arg name="robot_num" value="2"/>
  <arg name="robot_name" value="robot_$(arg robot_num)"/>
  <arg name="odom_frame_id"   default="$(arg robot_name)/odom"/>
  <arg name="base_frame_id"   default="$(arg robot_name)/base_link"/>
  <arg name="global_frame_id" default="$(arg robot_name)/map"/>
  <arg name="odom_topic" default="odom" />
  <arg name="laser_topic" default="scan" />
  <arg name="map_topic" default="map"/>

  <!--manager nodelet-->
  <node pkg="nodelet" type="nodelet" name="mobile_base_nodelet_manager" args="manager"/>

  <!--cmd_vel_mux-->
  <node pkg="nodelet" type="nodelet" name="cmd_vel_mux"
                args="load yocs_cmd_vel_mux/CmdVelMuxNodelet mobile_base_nodelet_manager">
            <param name="yaml_cfg_file" value="$(find scout_multi)/param/mux.yaml"/>
            <remap from="cmd_vel_mux/output" to="mobile_base/commands/velocity"/>
  </node>

 <!-- velocity__smoother -->
  <include file="$(find scout_multi)/launch/includes/velocity_smoother201012.launch.xml"/>

  <!-- move_base -->
  <node pkg="move_base" type="move_base" respawn="false" name="move_base" output="screen">
    <rosparam file="$(find scout_multi)/param2/costmap_common_params_burger.yaml" command="load" ns="global_costmap" />
    <rosparam file="$(find scout_multi)/param2/costmap_common_params_burger.yaml" command="load" ns="local_costmap" />
    <rosparam file="$(find scout_multi)/param2/local_costmap_params.yaml" command="load" />
    <rosparam file="$(find scout_multi)/param2/global_costmap_params.yaml" command="load" />
    <rosparam file="$(find scout_multi)/param2/move_base_params.yaml" command="load" />
    <rosparam file="$(find scout_multi)/param2/teb_local_planner_params_burger.yaml" command="load" />
    <rosparam file="$(find scout_multi)/param2/global_planner_params_burger.yaml" command="load" />
    <remap from="odom" to="$(arg odom_topic)"/>
    <param name="base_global_planner" value="global_planner/GlobalPlanner" />
    <param name="planner_frequency" value="5.0" />
    <param name="planner_patience" value="5.0" />

    <param name="base_local_planner" value="teb_local_planner/TebLocalPlannerROS" />
    <param name="controller_frequency" value="10.0" />
    <param name="controller_patience" value="5.0" />
  
    
    <!-- external params file that could be loaded into the move_base namespace -->
  
    <!-- reset frame_id parameters using user input data -->
    <param name="global_costmap/laser_scan_sensor/topic" value="scan"/>   
    <param name="local_costmap/laser_scan_sensor/topic" value="scan"/>   
    <param name="local_costmap/obstacle_layer/laser_scan_sensor/topic" value="scan"/>
  
   <!--<remap from="cmd_vel" to="/$(arg robot_name)/mobile_base/commands/velocity"/>-->
    <remap from="cmd_vel" to="navigation_velocity_smoother/raw_cmd_vel"/>
    <remap from="odom" to="$(arg odom_topic)"/>
    <remap from="scan" to="$(arg laser_topic)"/>
    <remap from="map" to="$(arg map_topic)" />
  </node>
</launch>

